"","Region","Ages 18-24","Ages 25-29","Ages 30-39","Ages 40-44","Ages 45-49","Ages 50-59","Ages 60-64","Ages 65+","College+Black","HSLess+Black","SomeCollege+Black","College+Hispanic","HSLess+Hispanic","SomeCollege+Hispanic","College+Other","HSLess+Other","SomeCollege+Other","College+White","HSLess+White","SomeCollege+White"
"1","Northeast",0.113750868255329,0.0905147314828809,0.165246050997694,0.0749257247605149,0.0801877364158016,0.181318992817126,0.0841410139431298,0.209914881327524,0.028990977777927,0.0662887955428601,0.0377948490184104,0.0179810697666828,0.0643217614028579,0.0220612185846133,0.0376414284248783,0.0253350679015988,0.010693881188699,0.261444086462829,0.263737262145187,0.163709601783457
"2","Midwest",0.124626025086947,0.0913393616891932,0.158929980138474,0.0753035192589407,0.0845034180552958,0.182987520748692,0.0820182195788164,0.200291955443641,0.0184510702432712,0.0550856735930226,0.0337679699456775,0.00890253436136318,0.0417930050836571,0.0157363710601072,0.0190294330880656,0.0168191070392808,0.0088984842654054,0.235481243664137,0.321405709344394,0.224629398311618
"3","South",0.115852765755955,0.0901416230513531,0.172393205075842,0.0816866264300728,0.0867050700820171,0.174981500379437,0.0795618868564287,0.198677322368894,0.0373791204574972,0.101067773287833,0.0578747997385628,0.0253562327058348,0.0969634150877163,0.0362596071725452,0.0230003887227174,0.0179786178030979,0.0111662423667309,0.191260150768506,0.236495849499147,0.165197802389811
"4","West",0.124781656836681,0.0942695269338238,0.182810751343965,0.0800281838215029,0.0839954510100629,0.170352079629293,0.0766032050393418,0.187159145385329,0.0156723894622399,0.023066871146891,0.0198699994614733,0.0314352923330129,0.167387592147568,0.0640766715055658,0.0578007643549749,0.0526515127748044,0.0351133941151769,0.199932834688717,0.162640351282751,0.170352326726824
